{
  "affinity_pred_value": 0.5328629612922668,
  "affinity_pred_unit": "nM",
  "affinity_probability": 0.25153684616088867,
  "structure_confidence": 0.6863790154457092,
  "protein_confidence": 0.0,
  "pic50": 7.457174920797349
}