{
  "affinity_pred_value": 2.0546512603759766,
  "affinity_pred_unit": "nM",
  "affinity_probability": 0.10514502972364426,
  "structure_confidence": 0.6949673891067505,
  "protein_confidence": 0.0,
  "pic50": 5.381455680847169
}