{
  "affinity_pred_value": 0.9621580243110657,
  "affinity_pred_unit": "nM",
  "affinity_probability": 0.19065219163894653,
  "structure_confidence": 0.69223952293396,
  "protein_confidence": 0.0,
  "pic50": 6.871616454839707
}