{
  "affinity_pred_value": 2.3019189834594727,
  "affinity_pred_unit": "nM",
  "affinity_probability": 0.2799583077430725,
  "structure_confidence": 0.7056275606155396,
  "protein_confidence": 0.0,
  "pic50": 5.044182506561279
}