{
  "affinity_pred_value": 0.6213735342025757,
  "affinity_pred_unit": "nM",
  "affinity_probability": 0.09412527084350586,
  "structure_confidence": 0.6792163252830505,
  "protein_confidence": 0.0,
  "pic50": 7.336446499347687
}