{
  "affinity_pred_value": 1.4636105298995972,
  "affinity_pred_unit": "nM",
  "affinity_probability": 0.09454832226037979,
  "structure_confidence": 0.6889440417289734,
  "protein_confidence": 0.0,
  "pic50": 6.18763523721695
}