{
  "affinity_pred_value": 0.8694255352020264,
  "affinity_pred_unit": "nM",
  "affinity_probability": 0.09692658483982086,
  "structure_confidence": 0.6864234209060669,
  "protein_confidence": 0.0,
  "pic50": 6.998103569984437
}