{
  "affinity_pred_value": 0.8126979470252991,
  "affinity_pred_unit": "nM",
  "affinity_probability": 0.2844321131706238,
  "structure_confidence": 0.7086766958236694,
  "protein_confidence": 0.0,
  "pic50": 7.0754800002574925
}