{
  "affinity_pred_value": 0.9572229385375977,
  "affinity_pred_unit": "nM",
  "affinity_probability": 0.554820716381073,
  "structure_confidence": 0.7022994756698608,
  "protein_confidence": 0.0,
  "pic50": 6.878347911834718
}