{
  "affinity_pred_value": 0.6431841254234314,
  "affinity_pred_unit": "nM",
  "affinity_probability": 0.17305926978588104,
  "structure_confidence": 0.7030187845230103,
  "protein_confidence": 0.0,
  "pic50": 7.30669685292244
}