{
  "affinity_pred_value": 1.1203241348266602,
  "affinity_pred_unit": "nM",
  "affinity_probability": 0.23735713958740234,
  "structure_confidence": 0.7096707820892334,
  "protein_confidence": 0.0,
  "pic50": 6.655877880096436
}