{
  "affinity_pred_value": 1.5187259912490845,
  "affinity_pred_unit": "nM",
  "affinity_probability": 0.4643803834915161,
  "structure_confidence": 0.7013816833496094,
  "protein_confidence": 0.0,
  "pic50": 6.112457747936249
}