{
  "affinity_pred_value": 1.3281645774841309,
  "affinity_pred_unit": "nM",
  "affinity_probability": 0.23876550793647766,
  "structure_confidence": 0.7215775847434998,
  "protein_confidence": 0.0,
  "pic50": 6.372383516311646
}