{
  "affinity_pred_value": 0.981904923915863,
  "affinity_pred_unit": "nM",
  "affinity_probability": 0.16355259716510773,
  "structure_confidence": 0.6951686143875122,
  "protein_confidence": 0.0,
  "pic50": 6.844681683778763
}