{
  "affinity_pred_value": 0.9613345265388489,
  "affinity_pred_unit": "nM",
  "affinity_probability": 0.11667850613594055,
  "structure_confidence": 0.6887931227684021,
  "protein_confidence": 0.0,
  "pic50": 6.872739705801011
}