{
  "affinity_pred_value": 0.9228286743164062,
  "affinity_pred_unit": "nM",
  "affinity_probability": 0.11682557314634323,
  "structure_confidence": 0.676063060760498,
  "protein_confidence": 0.0,
  "pic50": 6.925261688232422
}