{
  "affinity_pred_value": 0.2790348529815674,
  "affinity_pred_unit": "nM",
  "affinity_probability": 0.33687907457351685,
  "structure_confidence": 0.7085379958152771,
  "protein_confidence": 0.0,
  "pic50": 7.8033964605331425
}