{
  "affinity_pred_value": 1.2480155229568481,
  "affinity_pred_unit": "nM",
  "affinity_probability": 0.07454608380794525,
  "structure_confidence": 0.693053662776947,
  "protein_confidence": 0.0,
  "pic50": 6.481706826686859
}