{
  "affinity_pred_value": 1.2864644527435303,
  "affinity_pred_unit": "nM",
  "affinity_probability": 0.45719587802886963,
  "structure_confidence": 0.6657679080963135,
  "protein_confidence": 0.0,
  "pic50": 6.429262486457826
}