{
  "affinity_pred_value": 0.7056527137756348,
  "affinity_pred_unit": "nM",
  "affinity_probability": 0.3555735945701599,
  "structure_confidence": 0.7004865407943726,
  "protein_confidence": 0.0,
  "pic50": 7.221489698410035
}