{
  "affinity_pred_value": 0.8163448572158813,
  "affinity_pred_unit": "nM",
  "affinity_probability": 0.23723377287387848,
  "structure_confidence": 0.6807779669761658,
  "protein_confidence": 0.0,
  "pic50": 7.070505614757538
}