{
  "affinity_pred_value": 0.35521119832992554,
  "affinity_pred_unit": "nM",
  "affinity_probability": 0.224209263920784,
  "structure_confidence": 0.6930367946624756,
  "protein_confidence": 0.0,
  "pic50": 7.699491925477982
}