{
  "affinity_pred_value": 1.271575689315796,
  "affinity_pred_unit": "nM",
  "affinity_probability": 0.2997416853904724,
  "structure_confidence": 0.701191782951355,
  "protein_confidence": 0.0,
  "pic50": 6.449570759773255
}