{
  "affinity_pred_value": 0.5642567873001099,
  "affinity_pred_unit": "nM",
  "affinity_probability": 0.42842745780944824,
  "structure_confidence": 0.7083877921104431,
  "protein_confidence": 0.0,
  "pic50": 7.414353742122651
}