{
  "affinity_pred_value": 1.8952820301055908,
  "affinity_pred_unit": "nM",
  "affinity_probability": 0.18897368013858795,
  "structure_confidence": 0.7201759219169617,
  "protein_confidence": 0.0,
  "pic50": 5.598835310935975
}