{
  "affinity_pred_value": 0.4089798927307129,
  "affinity_pred_unit": "nM",
  "affinity_probability": 0.5216891765594482,
  "structure_confidence": 0.7046872973442078,
  "protein_confidence": 0.0,
  "pic50": 7.6261514263153085
}