{
  "affinity_pred_value": 1.2559311389923096,
  "affinity_pred_unit": "nM",
  "affinity_probability": 0.17173758149147034,
  "structure_confidence": 0.7021422982215881,
  "protein_confidence": 0.0,
  "pic50": 6.47090992641449
}