{
  "affinity_pred_value": 1.703657865524292,
  "affinity_pred_unit": "nM",
  "affinity_probability": 0.22525757551193237,
  "structure_confidence": 0.6981825232505798,
  "protein_confidence": 0.0,
  "pic50": 5.860210671424866
}