{
  "affinity_pred_value": 0.6908508539199829,
  "affinity_pred_unit": "nM",
  "affinity_probability": 0.3978445529937744,
  "structure_confidence": 0.6944966316223145,
  "protein_confidence": 0.0,
  "pic50": 7.241679435253144
}