{
  "affinity_pred_value": 0.9190329313278198,
  "affinity_pred_unit": "nM",
  "affinity_probability": 0.2642061710357666,
  "structure_confidence": 0.707251787185669,
  "protein_confidence": 0.0,
  "pic50": 6.930439081668855
}