{
  "affinity_pred_value": 0.6212922930717468,
  "affinity_pred_unit": "nM",
  "affinity_probability": 0.1997179090976715,
  "structure_confidence": 0.715961754322052,
  "protein_confidence": 0.0,
  "pic50": 7.336557312250138
}