{
  "affinity_pred_value": 1.0178741216659546,
  "affinity_pred_unit": "nM",
  "affinity_probability": 0.45284804701805115,
  "structure_confidence": 0.6814122796058655,
  "protein_confidence": 0.0,
  "pic50": 6.795619698047639
}