{
  "affinity_pred_value": 1.0881274938583374,
  "affinity_pred_unit": "nM",
  "affinity_probability": 0.15419867634773254,
  "structure_confidence": 0.672454297542572,
  "protein_confidence": 0.0,
  "pic50": 6.699794098377228
}