{
  "affinity_pred_value": 0.9842722415924072,
  "affinity_pred_unit": "nM",
  "affinity_probability": 0.4079422950744629,
  "structure_confidence": 0.7184615135192871,
  "protein_confidence": 0.0,
  "pic50": 6.841452662467957
}