{
  "affinity_pred_value": -0.15229228138923645,
  "affinity_pred_unit": "nM",
  "affinity_probability": 0.1758461892604828,
  "structure_confidence": 0.6668968200683594,
  "protein_confidence": 0.0,
  "pic50": 8.391726671814919
}