{
  "affinity_pred_value": 2.5009264945983887,
  "affinity_pred_unit": "nM",
  "affinity_probability": 0.2756060063838959,
  "structure_confidence": 0.7020575404167175,
  "protein_confidence": 0.0,
  "pic50": 4.772736261367799
}