{
  "affinity_pred_value": 1.326564908027649,
  "affinity_pred_unit": "nM",
  "affinity_probability": 0.2646749019622803,
  "structure_confidence": 0.6813981533050537,
  "protein_confidence": 0.0,
  "pic50": 6.374565465450288
}