{
  "affinity_pred_value": 1.190750241279602,
  "affinity_pred_unit": "nM",
  "affinity_probability": 0.3025646209716797,
  "structure_confidence": 0.6869093179702759,
  "protein_confidence": 0.0,
  "pic50": 6.559816670894623
}