{
  "affinity_pred_value": 0.9613345265388489,
  "affinity_pred_unit": "nM",
  "affinity_probability": 0.11667850613594055,
  "structure_confidence": 0.6809664368629456,
  "protein_confidence": 0.0,
  "pic50": 6.872739705801011
}