{
  "affinity_pred_value": 1.2616891860961914,
  "affinity_pred_unit": "nM",
  "affinity_probability": 0.15233591198921204,
  "structure_confidence": 0.7002494931221008,
  "protein_confidence": 0.0,
  "pic50": 6.4630559501647955
}