{
  "affinity_pred_value": 0.9266133308410645,
  "affinity_pred_unit": "nM",
  "affinity_probability": 0.15257272124290466,
  "structure_confidence": 0.6658410429954529,
  "protein_confidence": 0.0,
  "pic50": 6.920099416732788
}