{
  "affinity_pred_value": 0.9799224734306335,
  "affinity_pred_unit": "nM",
  "affinity_probability": 0.1619172990322113,
  "structure_confidence": 0.704039990901947,
  "protein_confidence": 0.0,
  "pic50": 6.847385746240616
}