{
  "affinity_pred_value": 1.4112741947174072,
  "affinity_pred_unit": "nM",
  "affinity_probability": 0.1888771504163742,
  "structure_confidence": 0.6997615098953247,
  "protein_confidence": 0.0,
  "pic50": 6.259021998405457
}