{
  "affinity_pred_value": 1.9881510734558105,
  "affinity_pred_unit": "nM",
  "affinity_probability": 0.27426445484161377,
  "structure_confidence": 0.7058110237121582,
  "protein_confidence": 0.0,
  "pic50": 5.472161935806275
}