{
  "affinity_pred_value": 1.3105363845825195,
  "affinity_pred_unit": "nM",
  "affinity_probability": 0.20187145471572876,
  "structure_confidence": 0.6766311526298523,
  "protein_confidence": 0.0,
  "pic50": 6.396428371429444
}