{
  "affinity_pred_value": 0.5293015241622925,
  "affinity_pred_unit": "nM",
  "affinity_probability": 0.31274300813674927,
  "structure_confidence": 0.6793387532234192,
  "protein_confidence": 0.0,
  "pic50": 7.462032721042633
}