{
  "affinity_pred_value": 0.9224865436553955,
  "affinity_pred_unit": "nM",
  "affinity_probability": 0.1774025410413742,
  "structure_confidence": 0.7232138514518738,
  "protein_confidence": 0.0,
  "pic50": 6.925728354454041
}