{
  "affinity_pred_value": 0.9600434899330139,
  "affinity_pred_unit": "nM",
  "affinity_probability": 0.16144011914730072,
  "structure_confidence": 0.7060759663581848,
  "protein_confidence": 0.0,
  "pic50": 6.874500679731369
}