{
  "affinity_pred_value": 1.7033469676971436,
  "affinity_pred_unit": "nM",
  "affinity_probability": 0.21009299159049988,
  "structure_confidence": 0.7013120651245117,
  "protein_confidence": 0.0,
  "pic50": 5.860634736061097
}