{
  "affinity_pred_value": 1.4857287406921387,
  "affinity_pred_unit": "nM",
  "affinity_probability": 0.21500957012176514,
  "structure_confidence": 0.6870012879371643,
  "protein_confidence": 0.0,
  "pic50": 6.157465997695923
}