{
  "affinity_pred_value": 1.5398379564285278,
  "affinity_pred_unit": "nM",
  "affinity_probability": 0.27299144864082336,
  "structure_confidence": 0.6869263648986816,
  "protein_confidence": 0.0,
  "pic50": 6.083661027431488
}