{
  "affinity_pred_value": 1.467198133468628,
  "affinity_pred_unit": "nM",
  "affinity_probability": 0.16880342364311218,
  "structure_confidence": 0.7110802531242371,
  "protein_confidence": 0.0,
  "pic50": 6.182741745948792
}