{
  "affinity_pred_value": 1.1680090427398682,
  "affinity_pred_unit": "nM",
  "affinity_probability": 0.22867877781391144,
  "structure_confidence": 0.6831372976303101,
  "protein_confidence": 0.0,
  "pic50": 6.59083566570282
}