{
  "affinity_pred_value": 1.3282015323638916,
  "affinity_pred_unit": "nM",
  "affinity_probability": 0.21724838018417358,
  "structure_confidence": 0.674017608165741,
  "protein_confidence": 0.0,
  "pic50": 6.372333109855652
}