{
  "affinity_pred_value": 0.8569002151489258,
  "affinity_pred_unit": "nM",
  "affinity_probability": 0.3439652919769287,
  "structure_confidence": 0.7135825753211975,
  "protein_confidence": 0.0,
  "pic50": 7.015188106536866
}