{
  "affinity_pred_value": 1.4559478759765625,
  "affinity_pred_unit": "nM",
  "affinity_probability": 0.20655661821365356,
  "structure_confidence": 0.6754885911941528,
  "protein_confidence": 0.0,
  "pic50": 6.198087097167969
}