{
  "affinity_pred_value": 1.185027837753296,
  "affinity_pred_unit": "nM",
  "affinity_probability": 0.2844012379646301,
  "structure_confidence": 0.6872045397758484,
  "protein_confidence": 0.0,
  "pic50": 6.567622029304505
}