{
  "affinity_pred_value": 0.8707489967346191,
  "affinity_pred_unit": "nM",
  "affinity_probability": 0.24310517311096191,
  "structure_confidence": 0.6960815787315369,
  "protein_confidence": 0.0,
  "pic50": 6.99629836845398
}