{
  "affinity_pred_value": 0.9744478464126587,
  "affinity_pred_unit": "nM",
  "affinity_probability": 0.38288000226020813,
  "structure_confidence": 0.6787801384925842,
  "protein_confidence": 0.0,
  "pic50": 6.854853137493134
}