{
  "affinity_pred_value": 1.2416540384292603,
  "affinity_pred_unit": "nM",
  "affinity_probability": 0.3301882743835449,
  "structure_confidence": 0.6649839282035828,
  "protein_confidence": 0.0,
  "pic50": 6.490383891582489
}