{
  "affinity_pred_value": 1.7175192832946777,
  "affinity_pred_unit": "nM",
  "affinity_probability": 0.31574052572250366,
  "structure_confidence": 0.6904236674308777,
  "protein_confidence": 0.0,
  "pic50": 5.84130369758606
}