{
  "affinity_pred_value": 1.594273328781128,
  "affinity_pred_unit": "nM",
  "affinity_probability": 0.2660592198371887,
  "structure_confidence": 0.6815509796142578,
  "protein_confidence": 0.0,
  "pic50": 6.009411179542542
}