{
  "affinity_pred_value": 0.7197762727737427,
  "affinity_pred_unit": "nM",
  "affinity_probability": 0.24886870384216309,
  "structure_confidence": 0.6713284850120544,
  "protein_confidence": 0.0,
  "pic50": 7.202225163936616
}