{
  "affinity_pred_value": 2.1881103515625,
  "affinity_pred_unit": "nM",
  "affinity_probability": 0.22562094032764435,
  "structure_confidence": 0.7076290249824524,
  "protein_confidence": 0.0,
  "pic50": 5.1994174804687505
}