{
  "affinity_pred_value": 1.1338409185409546,
  "affinity_pred_unit": "nM",
  "affinity_probability": 0.27283546328544617,
  "structure_confidence": 0.7132641077041626,
  "protein_confidence": 0.0,
  "pic50": 6.637440987110138
}