{
  "affinity_pred_value": -0.3398374319076538,
  "affinity_pred_unit": "nM",
  "affinity_probability": 0.207301527261734,
  "structure_confidence": 0.6621326804161072,
  "protein_confidence": 0.0,
  "pic50": 8.64753825712204
}