{
  "affinity_pred_value": 1.153544545173645,
  "affinity_pred_unit": "nM",
  "affinity_probability": 0.27018794417381287,
  "structure_confidence": 0.7207311391830444,
  "protein_confidence": 0.0,
  "pic50": 6.610565240383148
}