{
  "affinity_pred_value": 1.0527558326721191,
  "affinity_pred_unit": "nM",
  "affinity_probability": 0.2858535051345825,
  "structure_confidence": 0.6940571069717407,
  "protein_confidence": 0.0,
  "pic50": 6.74804104423523
}