{
  "affinity_pred_value": 1.8803832530975342,
  "affinity_pred_unit": "nM",
  "affinity_probability": 0.0546816885471344,
  "structure_confidence": 0.6846897006034851,
  "protein_confidence": 0.0,
  "pic50": 5.619157242774964
}