{
  "affinity_pred_value": 0.766663670539856,
  "affinity_pred_unit": "nM",
  "affinity_probability": 0.28984957933425903,
  "structure_confidence": 0.6942412257194519,
  "protein_confidence": 0.0,
  "pic50": 7.138270753383637
}