{
  "affinity_pred_value": 1.4431157112121582,
  "affinity_pred_unit": "nM",
  "affinity_probability": 0.2666899561882019,
  "structure_confidence": 0.7138318419456482,
  "protein_confidence": 0.0,
  "pic50": 6.2155901699066165
}