{
  "affinity_pred_value": 1.2484538555145264,
  "affinity_pred_unit": "nM",
  "affinity_probability": 0.5442636013031006,
  "structure_confidence": 0.7009019255638123,
  "protein_confidence": 0.0,
  "pic50": 6.481108941078187
}