{
  "affinity_pred_value": 0.5930684804916382,
  "affinity_pred_unit": "nM",
  "affinity_probability": 0.14178961515426636,
  "structure_confidence": 0.7003862261772156,
  "protein_confidence": 0.0,
  "pic50": 7.375054592609406
}