{
  "affinity_pred_value": 1.7103686332702637,
  "affinity_pred_unit": "nM",
  "affinity_probability": 0.21943354606628418,
  "structure_confidence": 0.6878904700279236,
  "protein_confidence": 0.0,
  "pic50": 5.851057184219361
}