{
  "affinity_pred_value": 1.2715044021606445,
  "affinity_pred_unit": "nM",
  "affinity_probability": 0.4465581774711609,
  "structure_confidence": 0.6907352209091187,
  "protein_confidence": 0.0,
  "pic50": 6.449667995452882
}