{
  "affinity_pred_value": 1.6594877243041992,
  "affinity_pred_unit": "nM",
  "affinity_probability": 0.34019023180007935,
  "structure_confidence": 0.7056076526641846,
  "protein_confidence": 0.0,
  "pic50": 5.920458744049073
}