{
  "affinity_pred_value": 0.7213398814201355,
  "affinity_pred_unit": "nM",
  "affinity_probability": 0.10290821641683578,
  "structure_confidence": 0.7078375220298767,
  "protein_confidence": 0.0,
  "pic50": 7.2000924017429355
}