{
  "affinity_pred_value": 0.0821371003985405,
  "affinity_pred_unit": "nM",
  "affinity_probability": 0.4930263161659241,
  "structure_confidence": 0.7073860168457031,
  "protein_confidence": 0.0,
  "pic50": 8.07196499505639
}