{
  "affinity_pred_value": 1.6733407974243164,
  "affinity_pred_unit": "nM",
  "affinity_probability": 0.28755104541778564,
  "structure_confidence": 0.7044416069984436,
  "protein_confidence": 0.0,
  "pic50": 5.901563152313233
}