{
  "affinity_pred_value": 0.7743595838546753,
  "affinity_pred_unit": "nM",
  "affinity_probability": 0.1622372418642044,
  "structure_confidence": 0.7148309350013733,
  "protein_confidence": 0.0,
  "pic50": 7.127773527622224
}