{
  "affinity_pred_value": 1.9979114532470703,
  "affinity_pred_unit": "nM",
  "affinity_probability": 0.08228805661201477,
  "structure_confidence": 0.7058892250061035,
  "protein_confidence": 0.0,
  "pic50": 5.458848777770997
}