{
  "affinity_pred_value": 1.9162925481796265,
  "affinity_pred_unit": "nM",
  "affinity_probability": 0.37163418531417847,
  "structure_confidence": 0.707328736782074,
  "protein_confidence": 0.0,
  "pic50": 5.5701769642829895
}