{
  "affinity_pred_value": 0.825833797454834,
  "affinity_pred_unit": "nM",
  "affinity_probability": 0.2875642478466034,
  "structure_confidence": 0.702700674533844,
  "protein_confidence": 0.0,
  "pic50": 7.057562700271607
}