{
  "affinity_pred_value": 0.7604808807373047,
  "affinity_pred_unit": "nM",
  "affinity_probability": 0.6015714406967163,
  "structure_confidence": 0.6905437707901001,
  "protein_confidence": 0.0,
  "pic50": 7.146704078674317
}