{
  "affinity_pred_value": 0.7598944902420044,
  "affinity_pred_unit": "nM",
  "affinity_probability": 0.12461183965206146,
  "structure_confidence": 0.6962380409240723,
  "protein_confidence": 0.0,
  "pic50": 7.1475039153099065
}