{
  "affinity_pred_value": 1.237107753753662,
  "affinity_pred_unit": "nM",
  "affinity_probability": 0.24967113137245178,
  "structure_confidence": 0.6641260981559753,
  "protein_confidence": 0.0,
  "pic50": 6.496585023880005
}