{
  "affinity_pred_value": 1.6536855697631836,
  "affinity_pred_unit": "nM",
  "affinity_probability": 0.36070969700813293,
  "structure_confidence": 0.6970784068107605,
  "protein_confidence": 0.0,
  "pic50": 5.928372882843018
}