{
  "affinity_pred_value": 1.6092455387115479,
  "affinity_pred_unit": "nM",
  "affinity_probability": 0.16603553295135498,
  "structure_confidence": 0.6994873881340027,
  "protein_confidence": 0.0,
  "pic50": 5.988989085197449
}