{
  "affinity_pred_value": 1.3873417377471924,
  "affinity_pred_unit": "nM",
  "affinity_probability": 0.12949401140213013,
  "structure_confidence": 0.7055482268333435,
  "protein_confidence": 0.0,
  "pic50": 6.29166586971283
}