{
  "affinity_pred_value": 0.9376798868179321,
  "affinity_pred_unit": "nM",
  "affinity_probability": 0.3668404221534729,
  "structure_confidence": 0.7017119526863098,
  "protein_confidence": 0.0,
  "pic50": 6.905004634380341
}