{
  "affinity_pred_value": 1.664016842842102,
  "affinity_pred_unit": "nM",
  "affinity_probability": 0.19958777725696564,
  "structure_confidence": 0.6765058636665344,
  "protein_confidence": 0.0,
  "pic50": 5.914281026363374
}