{
  "affinity_pred_value": 0.860139012336731,
  "affinity_pred_unit": "nM",
  "affinity_probability": 0.18319271504878998,
  "structure_confidence": 0.6665238738059998,
  "protein_confidence": 0.0,
  "pic50": 7.010770387172699
}