{
  "affinity_pred_value": 1.6603699922561646,
  "affinity_pred_unit": "nM",
  "affinity_probability": 0.22006510198116302,
  "structure_confidence": 0.6907359957695007,
  "protein_confidence": 0.0,
  "pic50": 5.919255330562592
}