{
  "affinity_pred_value": 2.6892263889312744,
  "affinity_pred_unit": "nM",
  "affinity_probability": 0.2868909239768982,
  "structure_confidence": 0.6958486437797546,
  "protein_confidence": 0.0,
  "pic50": 4.515895205497742
}