{
  "affinity_pred_value": 1.3416435718536377,
  "affinity_pred_unit": "nM",
  "affinity_probability": 0.3279297649860382,
  "structure_confidence": 0.6903302073478699,
  "protein_confidence": 0.0,
  "pic50": 6.353998167991639
}