{
  "affinity_pred_value": 1.327634572982788,
  "affinity_pred_unit": "nM",
  "affinity_probability": 0.2787014842033386,
  "structure_confidence": 0.6841440200805664,
  "protein_confidence": 0.0,
  "pic50": 6.373106442451477
}