{
  "affinity_pred_value": 1.8074548244476318,
  "affinity_pred_unit": "nM",
  "affinity_probability": 0.2010347843170166,
  "structure_confidence": 0.711925745010376,
  "protein_confidence": 0.0,
  "pic50": 5.718631619453431
}