{
  "affinity_pred_value": 1.5930984020233154,
  "affinity_pred_unit": "nM",
  "affinity_probability": 0.0861511081457138,
  "structure_confidence": 0.6982447504997253,
  "protein_confidence": 0.0,
  "pic50": 6.011013779640198
}