{
  "affinity_pred_value": 1.1454226970672607,
  "affinity_pred_unit": "nM",
  "affinity_probability": 0.21401101350784302,
  "structure_confidence": 0.6862748265266418,
  "protein_confidence": 0.0,
  "pic50": 6.6216434412002565
}