{
  "affinity_pred_value": 0.5444056987762451,
  "affinity_pred_unit": "nM",
  "affinity_probability": 0.3232276737689972,
  "structure_confidence": 0.6906525492668152,
  "protein_confidence": 0.0,
  "pic50": 7.441430626869202
}