{
  "affinity_pred_value": 1.4648593664169312,
  "affinity_pred_unit": "nM",
  "affinity_probability": 0.19816471636295319,
  "structure_confidence": 0.6726261973381042,
  "protein_confidence": 0.0,
  "pic50": 6.185931824207306
}