{
  "affinity_pred_value": 1.5621061325073242,
  "affinity_pred_unit": "nM",
  "affinity_probability": 0.31042832136154175,
  "structure_confidence": 0.6758967638015747,
  "protein_confidence": 0.0,
  "pic50": 6.05328723526001
}