{
  "affinity_pred_value": 1.2082772254943848,
  "affinity_pred_unit": "nM",
  "affinity_probability": 0.13997311890125275,
  "structure_confidence": 0.7101262211799622,
  "protein_confidence": 0.0,
  "pic50": 6.535909864425659
}