{
  "affinity_pred_value": 1.7090895175933838,
  "affinity_pred_unit": "nM",
  "affinity_probability": 0.34355732798576355,
  "structure_confidence": 0.6889511346817017,
  "protein_confidence": 0.0,
  "pic50": 5.852801898002625
}