{
  "affinity_pred_value": 1.0170059204101562,
  "affinity_pred_unit": "nM",
  "affinity_probability": 0.2130071371793747,
  "structure_confidence": 0.6657704710960388,
  "protein_confidence": 0.0,
  "pic50": 6.796803924560547
}