{
  "affinity_pred_value": 1.5115505456924438,
  "affinity_pred_unit": "nM",
  "affinity_probability": 0.23884013295173645,
  "structure_confidence": 0.705266535282135,
  "protein_confidence": 0.0,
  "pic50": 6.122245055675507
}