{
  "affinity_pred_value": 0.5252536535263062,
  "affinity_pred_unit": "nM",
  "affinity_probability": 0.3760930299758911,
  "structure_confidence": 0.6957108378410339,
  "protein_confidence": 0.0,
  "pic50": 7.467554016590119
}