{
  "affinity_pred_value": 1.1268072128295898,
  "affinity_pred_unit": "nM",
  "affinity_probability": 0.12036604434251785,
  "structure_confidence": 0.7093362808227539,
  "protein_confidence": 0.0,
  "pic50": 6.64703496170044
}