{
  "affinity_pred_value": 0.9544982314109802,
  "affinity_pred_unit": "nM",
  "affinity_probability": 0.4522205889225006,
  "structure_confidence": 0.6512121558189392,
  "protein_confidence": 0.0,
  "pic50": 6.882064412355423
}