{
  "affinity_pred_value": 0.6257631778717041,
  "affinity_pred_unit": "nM",
  "affinity_probability": 0.25210046768188477,
  "structure_confidence": 0.6863911747932434,
  "protein_confidence": 0.0,
  "pic50": 7.330459025382996
}