{
  "affinity_pred_value": 0.8974114656448364,
  "affinity_pred_unit": "nM",
  "affinity_probability": 0.07827416807413101,
  "structure_confidence": 0.6631407737731934,
  "protein_confidence": 0.0,
  "pic50": 6.959930760860444
}