{
  "affinity_pred_value": 0.9103413820266724,
  "affinity_pred_unit": "nM",
  "affinity_probability": 0.6479213833808899,
  "structure_confidence": 0.6790013313293457,
  "protein_confidence": 0.0,
  "pic50": 6.942294354915619
}