{
  "affinity_pred_value": 0.7083326578140259,
  "affinity_pred_unit": "nM",
  "affinity_probability": 0.1395995020866394,
  "structure_confidence": 0.6979198455810547,
  "protein_confidence": 0.0,
  "pic50": 7.217834254741669
}