{
  "affinity_pred_value": 1.9016366004943848,
  "affinity_pred_unit": "nM",
  "affinity_probability": 0.13320916891098022,
  "structure_confidence": 0.6979941129684448,
  "protein_confidence": 0.0,
  "pic50": 5.59016767692566
}