{
  "affinity_pred_value": 0.8562291860580444,
  "affinity_pred_unit": "nM",
  "affinity_probability": 0.4294440746307373,
  "structure_confidence": 0.7015693783760071,
  "protein_confidence": 0.0,
  "pic50": 7.016103390216828
}