{
  "affinity_pred_value": 0.5599889755249023,
  "affinity_pred_unit": "nM",
  "affinity_probability": 0.2890836000442505,
  "structure_confidence": 0.7200711369514465,
  "protein_confidence": 0.0,
  "pic50": 7.420175037384034
}