{
  "affinity_pred_value": 0.8059171438217163,
  "affinity_pred_unit": "nM",
  "affinity_probability": 0.2181766927242279,
  "structure_confidence": 0.7325148582458496,
  "protein_confidence": 0.0,
  "pic50": 7.08472901582718
}