{
  "affinity_pred_value": 0.9265315532684326,
  "affinity_pred_unit": "nM",
  "affinity_probability": 0.1805182695388794,
  "structure_confidence": 0.6812145113945007,
  "protein_confidence": 0.0,
  "pic50": 6.9202109613418585
}