{
  "affinity_pred_value": 1.4599690437316895,
  "affinity_pred_unit": "nM",
  "affinity_probability": 0.1771223098039627,
  "structure_confidence": 0.7092971205711365,
  "protein_confidence": 0.0,
  "pic50": 6.192602224349976
}