{
  "affinity_pred_value": 1.1112350225448608,
  "affinity_pred_unit": "nM",
  "affinity_probability": 0.3724815249443054,
  "structure_confidence": 0.6792268753051758,
  "protein_confidence": 0.0,
  "pic50": 6.66827542924881
}