{
  "affinity_pred_value": 0.2607618570327759,
  "affinity_pred_unit": "nM",
  "affinity_probability": 0.23618334531784058,
  "structure_confidence": 0.7026352286338806,
  "protein_confidence": 0.0,
  "pic50": 7.828320827007294
}