{
  "affinity_pred_value": 1.647215723991394,
  "affinity_pred_unit": "nM",
  "affinity_probability": 0.06745092570781708,
  "structure_confidence": 0.6994830369949341,
  "protein_confidence": 0.0,
  "pic50": 5.937197752475739
}