{
  "affinity_pred_value": 0.7485803365707397,
  "affinity_pred_unit": "nM",
  "affinity_probability": 0.27238965034484863,
  "structure_confidence": 0.6932387351989746,
  "protein_confidence": 0.0,
  "pic50": 7.162936420917512
}