{
  "affinity_pred_value": 1.033266544342041,
  "affinity_pred_unit": "nM",
  "affinity_probability": 0.6817414164543152,
  "structure_confidence": 0.644855260848999,
  "protein_confidence": 0.0,
  "pic50": 6.774624433517457
}