{
  "affinity_pred_value": 1.2597463130950928,
  "affinity_pred_unit": "nM",
  "affinity_probability": 0.24997535347938538,
  "structure_confidence": 0.7182815670967102,
  "protein_confidence": 0.0,
  "pic50": 6.465706028938294
}