{
  "affinity_pred_value": 1.251189112663269,
  "affinity_pred_unit": "nM",
  "affinity_probability": 0.2085120677947998,
  "structure_confidence": 0.7094315886497498,
  "protein_confidence": 0.0,
  "pic50": 6.477378050327301
}