{
  "affinity_pred_value": 0.9831047654151917,
  "affinity_pred_unit": "nM",
  "affinity_probability": 0.3743897080421448,
  "structure_confidence": 0.6905295252799988,
  "protein_confidence": 0.0,
  "pic50": 6.843045099973679
}