{
  "affinity_pred_value": 1.5492513179779053,
  "affinity_pred_unit": "nM",
  "affinity_probability": 0.11216485500335693,
  "structure_confidence": 0.6706971526145935,
  "protein_confidence": 0.0,
  "pic50": 6.070821202278138
}