{
  "affinity_pred_value": 0.9701171517372131,
  "affinity_pred_unit": "nM",
  "affinity_probability": 0.7689118385314941,
  "structure_confidence": 0.6810537576675415,
  "protein_confidence": 0.0,
  "pic50": 6.8607602050304415
}