{
  "affinity_pred_value": 0.22778725624084473,
  "affinity_pred_unit": "nM",
  "affinity_probability": 0.445254921913147,
  "structure_confidence": 0.66201251745224,
  "protein_confidence": 0.0,
  "pic50": 7.873298182487488
}