{
  "affinity_pred_value": -0.023917943239212036,
  "affinity_pred_unit": "nM",
  "affinity_probability": 0.4226840138435364,
  "structure_confidence": 0.6921311616897583,
  "protein_confidence": 0.0,
  "pic50": 8.216624074578286
}