{
  "affinity_pred_value": 1.773629903793335,
  "affinity_pred_unit": "nM",
  "affinity_probability": 0.17578697204589844,
  "structure_confidence": 0.6887548565864563,
  "protein_confidence": 0.0,
  "pic50": 5.764768811225892
}