{
  "affinity_pred_value": -0.2512381970882416,
  "affinity_pred_unit": "nM",
  "affinity_probability": 0.3547894358634949,
  "structure_confidence": 0.6976865530014038,
  "protein_confidence": 0.0,
  "pic50": 8.526688900828361
}