{
  "affinity_pred_value": 1.0684187412261963,
  "affinity_pred_unit": "nM",
  "affinity_probability": 0.1255086362361908,
  "structure_confidence": 0.7010345458984375,
  "protein_confidence": 0.0,
  "pic50": 6.726676836967469
}