{
  "affinity_pred_value": 0.5351766347885132,
  "affinity_pred_unit": "nM",
  "affinity_probability": 0.2191002070903778,
  "structure_confidence": 0.6605374217033386,
  "protein_confidence": 0.0,
  "pic50": 7.454019070148469
}