{
  "affinity_pred_value": 1.098340630531311,
  "affinity_pred_unit": "nM",
  "affinity_probability": 0.19883371889591217,
  "structure_confidence": 0.7043148875236511,
  "protein_confidence": 0.0,
  "pic50": 6.6858633799552925
}