{
  "affinity_pred_value": 1.1258974075317383,
  "affinity_pred_unit": "nM",
  "affinity_probability": 0.3262898027896881,
  "structure_confidence": 0.7060045599937439,
  "protein_confidence": 0.0,
  "pic50": 6.648275936126709
}