{
  "affinity_pred_value": 1.3976978063583374,
  "affinity_pred_unit": "nM",
  "affinity_probability": 0.18098723888397217,
  "structure_confidence": 0.6796972155570984,
  "protein_confidence": 0.0,
  "pic50": 6.277540192127228
}