{
  "affinity_pred_value": 1.3105219602584839,
  "affinity_pred_unit": "nM",
  "affinity_probability": 0.49305444955825806,
  "structure_confidence": 0.7141687273979187,
  "protein_confidence": 0.0,
  "pic50": 6.3964480462074285
}