{
  "affinity_pred_value": 1.6523629426956177,
  "affinity_pred_unit": "nM",
  "affinity_probability": 0.20277118682861328,
  "structure_confidence": 0.6970738768577576,
  "protein_confidence": 0.0,
  "pic50": 5.930176946163178
}