{
  "affinity_pred_value": 1.4015785455703735,
  "affinity_pred_unit": "nM",
  "affinity_probability": 0.2732928991317749,
  "structure_confidence": 0.6729285717010498,
  "protein_confidence": 0.0,
  "pic50": 6.272246863842011
}