{
  "affinity_pred_value": 1.2478947639465332,
  "affinity_pred_unit": "nM",
  "affinity_probability": 0.16293707489967346,
  "structure_confidence": 0.6966553926467896,
  "protein_confidence": 0.0,
  "pic50": 6.481871541976929
}