{
  "affinity_pred_value": 1.4547502994537354,
  "affinity_pred_unit": "nM",
  "affinity_probability": 0.1462489664554596,
  "structure_confidence": 0.6854907870292664,
  "protein_confidence": 0.0,
  "pic50": 6.1997205915451055
}