{
  "affinity_pred_value": -0.45390811562538147,
  "affinity_pred_unit": "nM",
  "affinity_probability": 0.2772082984447479,
  "structure_confidence": 0.6988505721092224,
  "protein_confidence": 0.0,
  "pic50": 8.80313066971302
}