{
  "affinity_pred_value": 1.4861509799957275,
  "affinity_pred_unit": "nM",
  "affinity_probability": 0.22978636622428894,
  "structure_confidence": 0.6903867721557617,
  "protein_confidence": 0.0,
  "pic50": 6.156890063285828
}