{
  "affinity_pred_value": 0.3383416533470154,
  "affinity_pred_unit": "nM",
  "affinity_probability": 0.29725274443626404,
  "structure_confidence": 0.6883894205093384,
  "protein_confidence": 0.0,
  "pic50": 7.722501984834672
}