{
  "affinity_pred_value": 0.6896970272064209,
  "affinity_pred_unit": "nM",
  "affinity_probability": 0.19081303477287292,
  "structure_confidence": 0.7033516764640808,
  "protein_confidence": 0.0,
  "pic50": 7.243253254890442
}