{
  "affinity_pred_value": 1.6311604976654053,
  "affinity_pred_unit": "nM",
  "affinity_probability": 0.2569136917591095,
  "structure_confidence": 0.6890363693237305,
  "protein_confidence": 0.0,
  "pic50": 5.959097081184388
}