{
  "affinity_pred_value": 0.8180742859840393,
  "affinity_pred_unit": "nM",
  "affinity_probability": 0.3269045352935791,
  "structure_confidence": 0.6674661040306091,
  "protein_confidence": 0.0,
  "pic50": 7.068146673917771
}