{
  "affinity_pred_value": 0.44420140981674194,
  "affinity_pred_unit": "nM",
  "affinity_probability": 0.11166127026081085,
  "structure_confidence": 0.6739308834075928,
  "protein_confidence": 0.0,
  "pic50": 7.578109277009965
}