{
  "affinity_pred_value": 1.0985262393951416,
  "affinity_pred_unit": "nM",
  "affinity_probability": 0.3903069496154785,
  "structure_confidence": 0.7062055468559265,
  "protein_confidence": 0.0,
  "pic50": 6.685610209465027
}