{
  "affinity_pred_value": 0.9583120346069336,
  "affinity_pred_unit": "nM",
  "affinity_probability": 0.1760851889848709,
  "structure_confidence": 0.6771332621574402,
  "protein_confidence": 0.0,
  "pic50": 6.876862384796143
}