{
  "affinity_pred_value": 2.0594911575317383,
  "affinity_pred_unit": "nM",
  "affinity_probability": 0.32553189992904663,
  "structure_confidence": 0.6983596682548523,
  "protein_confidence": 0.0,
  "pic50": 5.374854061126709
}