{
  "affinity_pred_value": 1.8222911357879639,
  "affinity_pred_unit": "nM",
  "affinity_probability": 0.10176229476928711,
  "structure_confidence": 0.6858512759208679,
  "protein_confidence": 0.0,
  "pic50": 5.6983948907852175
}