{
  "affinity_pred_value": 1.89437997341156,
  "affinity_pred_unit": "nM",
  "affinity_probability": 0.23008589446544647,
  "structure_confidence": 0.7145294547080994,
  "protein_confidence": 0.0,
  "pic50": 5.6000657162666325
}