{
  "affinity_pred_value": 1.313852310180664,
  "affinity_pred_unit": "nM",
  "affinity_probability": 0.14723223447799683,
  "structure_confidence": 0.6849539279937744,
  "protein_confidence": 0.0,
  "pic50": 6.391905448913574
}