{
  "affinity_pred_value": 1.26155686378479,
  "affinity_pred_unit": "nM",
  "affinity_probability": 0.2569378614425659,
  "structure_confidence": 0.6844355463981628,
  "protein_confidence": 0.0,
  "pic50": 6.463236437797547
}