{
  "affinity_pred_value": 0.5451247692108154,
  "affinity_pred_unit": "nM",
  "affinity_probability": 0.2692134380340576,
  "structure_confidence": 0.6951297521591187,
  "protein_confidence": 0.0,
  "pic50": 7.440449814796448
}