{
  "affinity_pred_value": 1.5916860103607178,
  "affinity_pred_unit": "nM",
  "affinity_probability": 0.1117011308670044,
  "structure_confidence": 0.6896260380744934,
  "protein_confidence": 0.0,
  "pic50": 6.012940281867982
}