{
  "affinity_pred_value": 1.650883436203003,
  "affinity_pred_unit": "nM",
  "affinity_probability": 0.22489912807941437,
  "structure_confidence": 0.7010831832885742,
  "protein_confidence": 0.0,
  "pic50": 5.932194993019104
}