{
  "affinity_pred_value": 2.537749767303467,
  "affinity_pred_unit": "nM",
  "affinity_probability": 0.15345045924186707,
  "structure_confidence": 0.7020250558853149,
  "protein_confidence": 0.0,
  "pic50": 4.722509317398072
}