{
  "affinity_pred_value": 0.7878676056861877,
  "affinity_pred_unit": "nM",
  "affinity_probability": 0.12416547536849976,
  "structure_confidence": 0.7041635513305664,
  "protein_confidence": 0.0,
  "pic50": 7.109348585844041
}