{
  "affinity_pred_value": 1.519588589668274,
  "affinity_pred_unit": "nM",
  "affinity_probability": 0.31941360235214233,
  "structure_confidence": 0.6915512681007385,
  "protein_confidence": 0.0,
  "pic50": 6.111281163692475
}