{
  "affinity_pred_value": 1.1747715473175049,
  "affinity_pred_unit": "nM",
  "affinity_probability": 0.533385157585144,
  "structure_confidence": 0.7022566199302673,
  "protein_confidence": 0.0,
  "pic50": 6.581611609458924
}