{
  "affinity_pred_value": 1.3962836265563965,
  "affinity_pred_unit": "nM",
  "affinity_probability": 0.10089369118213654,
  "structure_confidence": 0.6818132400512695,
  "protein_confidence": 0.0,
  "pic50": 6.279469133377075
}