{
  "affinity_pred_value": 0.8398095965385437,
  "affinity_pred_unit": "nM",
  "affinity_probability": 0.649234414100647,
  "structure_confidence": 0.6632396578788757,
  "protein_confidence": 0.0,
  "pic50": 7.038499710321427
}