{
  "affinity_pred_value": 0.8431930541992188,
  "affinity_pred_unit": "nM",
  "affinity_probability": 0.18931448459625244,
  "structure_confidence": 0.6791052222251892,
  "protein_confidence": 0.0,
  "pic50": 7.033884674072266
}