{
  "affinity_pred_value": 1.78840970993042,
  "affinity_pred_unit": "nM",
  "affinity_probability": 0.297048419713974,
  "structure_confidence": 0.6819608211517334,
  "protein_confidence": 0.0,
  "pic50": 5.744609155654907
}