{
  "affinity_pred_value": 0.8347302079200745,
  "affinity_pred_unit": "nM",
  "affinity_probability": 0.32443487644195557,
  "structure_confidence": 0.6760274171829224,
  "protein_confidence": 0.0,
  "pic50": 7.045427996397019
}