{
  "affinity_pred_value": 1.5677144527435303,
  "affinity_pred_unit": "nM",
  "affinity_probability": 0.12480291724205017,
  "structure_confidence": 0.6882640719413757,
  "protein_confidence": 0.0,
  "pic50": 6.045637486457825
}