{
  "affinity_pred_value": 0.8939250707626343,
  "affinity_pred_unit": "nM",
  "affinity_probability": 0.27845731377601624,
  "structure_confidence": 0.6966525912284851,
  "protein_confidence": 0.0,
  "pic50": 6.964686203479768
}