{
  "affinity_pred_value": 2.2497706413269043,
  "affinity_pred_unit": "nM",
  "affinity_probability": 0.21384748816490173,
  "structure_confidence": 0.7302393913269043,
  "protein_confidence": 0.0,
  "pic50": 5.115312845230103
}