{
  "affinity_pred_value": 1.397118091583252,
  "affinity_pred_unit": "nM",
  "affinity_probability": 0.22625979781150818,
  "structure_confidence": 0.7059178352355957,
  "protein_confidence": 0.0,
  "pic50": 6.2783309230804445
}