{
  "affinity_pred_value": 0.7874079346656799,
  "affinity_pred_unit": "nM",
  "affinity_probability": 0.3168959617614746,
  "structure_confidence": 0.6744320392608643,
  "protein_confidence": 0.0,
  "pic50": 7.109975577116013
}