{
  "affinity_pred_value": 1.9387707710266113,
  "affinity_pred_unit": "nM",
  "affinity_probability": 0.27277007699012756,
  "structure_confidence": 0.7364515662193298,
  "protein_confidence": 0.0,
  "pic50": 5.539516668319703
}