{
  "affinity_pred_value": 1.3292863368988037,
  "affinity_pred_unit": "nM",
  "affinity_probability": 0.13564544916152954,
  "structure_confidence": 0.6826341152191162,
  "protein_confidence": 0.0,
  "pic50": 6.370853436470032
}