{
  "affinity_pred_value": 1.1957952976226807,
  "affinity_pred_unit": "nM",
  "affinity_probability": 0.5709573030471802,
  "structure_confidence": 0.6870133280754089,
  "protein_confidence": 0.0,
  "pic50": 6.552935214042664
}