{
  "affinity_pred_value": 1.0994031429290771,
  "affinity_pred_unit": "nM",
  "affinity_probability": 0.44920459389686584,
  "structure_confidence": 0.6668217182159424,
  "protein_confidence": 0.0,
  "pic50": 6.684414113044739
}