{
  "affinity_pred_value": 0.041129790246486664,
  "affinity_pred_unit": "nM",
  "affinity_probability": 0.21156524121761322,
  "structure_confidence": 0.6914355754852295,
  "protein_confidence": 0.0,
  "pic50": 8.127898966103793
}