{
  "affinity_pred_value": 0.5516140460968018,
  "affinity_pred_unit": "nM",
  "affinity_probability": 0.4346034526824951,
  "structure_confidence": 0.6804080009460449,
  "protein_confidence": 0.0,
  "pic50": 7.431598441123963
}