{
  "affinity_pred_value": 1.7048147916793823,
  "affinity_pred_unit": "nM",
  "affinity_probability": 0.34446024894714355,
  "structure_confidence": 0.6934942603111267,
  "protein_confidence": 0.0,
  "pic50": 5.8586326241493225
}