{
  "affinity_pred_value": 1.398632526397705,
  "affinity_pred_unit": "nM",
  "affinity_probability": 0.27728071808815,
  "structure_confidence": 0.697319507598877,
  "protein_confidence": 0.0,
  "pic50": 6.276265233993531
}