{
  "affinity_pred_value": 1.7217535972595215,
  "affinity_pred_unit": "nM",
  "affinity_probability": 0.09124670177698135,
  "structure_confidence": 0.6802724003791809,
  "protein_confidence": 0.0,
  "pic50": 5.835528093338013
}