{
  "affinity_pred_value": -0.07654226571321487,
  "affinity_pred_unit": "nM",
  "affinity_probability": 0.4258195161819458,
  "structure_confidence": 0.6717281341552734,
  "protein_confidence": 0.0,
  "pic50": 8.288403650432826
}