{
  "affinity_pred_value": 1.4944274425506592,
  "affinity_pred_unit": "nM",
  "affinity_probability": 0.24825122952461243,
  "structure_confidence": 0.7000531554222107,
  "protein_confidence": 0.0,
  "pic50": 6.145600968360902
}