{
  "affinity_pred_value": 0.9541101455688477,
  "affinity_pred_unit": "nM",
  "affinity_probability": 0.4624471664428711,
  "structure_confidence": 0.697241485118866,
  "protein_confidence": 0.0,
  "pic50": 6.882593761444093
}