{
  "affinity_pred_value": 2.345508098602295,
  "affinity_pred_unit": "nM",
  "affinity_probability": 0.2592870593070984,
  "structure_confidence": 0.6830012798309326,
  "protein_confidence": 0.0,
  "pic50": 4.98472695350647
}