{
  "affinity_pred_value": 0.9105426073074341,
  "affinity_pred_unit": "nM",
  "affinity_probability": 0.2993861436843872,
  "structure_confidence": 0.6933536529541016,
  "protein_confidence": 0.0,
  "pic50": 6.9420198836326605
}