{
  "affinity_pred_value": 0.8879507184028625,
  "affinity_pred_unit": "nM",
  "affinity_probability": 0.5566295385360718,
  "structure_confidence": 0.7106637358665466,
  "protein_confidence": 0.0,
  "pic50": 6.972835220098496
}