{
  "affinity_pred_value": 0.9051576256752014,
  "affinity_pred_unit": "nM",
  "affinity_probability": 0.552392840385437,
  "structure_confidence": 0.686209499835968,
  "protein_confidence": 0.0,
  "pic50": 6.949364998579026
}