{
  "affinity_pred_value": 1.6486314535140991,
  "affinity_pred_unit": "nM",
  "affinity_probability": 0.11650863289833069,
  "structure_confidence": 0.7097272276878357,
  "protein_confidence": 0.0,
  "pic50": 5.935266697406769
}