{
  "affinity_pred_value": 1.438277244567871,
  "affinity_pred_unit": "nM",
  "affinity_probability": 0.3030816316604614,
  "structure_confidence": 0.6672491431236267,
  "protein_confidence": 0.0,
  "pic50": 6.222189838409424
}