{
  "affinity_pred_value": 0.7305612564086914,
  "affinity_pred_unit": "nM",
  "affinity_probability": 0.29928210377693176,
  "structure_confidence": 0.723024845123291,
  "protein_confidence": 0.0,
  "pic50": 7.187514446258546
}