{
  "affinity_pred_value": 0.42464977502822876,
  "affinity_pred_unit": "nM",
  "affinity_probability": 0.19213199615478516,
  "structure_confidence": 0.7128720283508301,
  "protein_confidence": 0.0,
  "pic50": 7.604777706861497
}