{
  "affinity_pred_value": 1.2624828815460205,
  "affinity_pred_unit": "nM",
  "affinity_probability": 0.33334237337112427,
  "structure_confidence": 0.6801021695137024,
  "protein_confidence": 0.0,
  "pic50": 6.461973349571228
}