{
  "affinity_pred_value": 1.3644291162490845,
  "affinity_pred_unit": "nM",
  "affinity_probability": 0.22599291801452637,
  "structure_confidence": 0.6883015036582947,
  "protein_confidence": 0.0,
  "pic50": 6.32291868543625
}