{
  "affinity_pred_value": 0.9752330183982849,
  "affinity_pred_unit": "nM",
  "affinity_probability": 0.2464887797832489,
  "structure_confidence": 0.663792073726654,
  "protein_confidence": 0.0,
  "pic50": 6.85378216290474
}