{
  "affinity_pred_value": 0.7140476703643799,
  "affinity_pred_unit": "nM",
  "affinity_probability": 0.45402392745018005,
  "structure_confidence": 0.6477987170219421,
  "protein_confidence": 0.0,
  "pic50": 7.210038977622986
}