{
  "affinity_pred_value": 1.8504395484924316,
  "affinity_pred_unit": "nM",
  "affinity_probability": 0.26088619232177734,
  "structure_confidence": 0.6972851157188416,
  "protein_confidence": 0.0,
  "pic50": 5.6600004558563235
}