{
  "affinity_pred_value": 1.190750241279602,
  "affinity_pred_unit": "nM",
  "affinity_probability": 0.3025646209716797,
  "structure_confidence": 0.6687167286872864,
  "protein_confidence": 0.0,
  "pic50": 6.559816670894623
}