{
  "affinity_pred_value": 2.0189313888549805,
  "affinity_pred_unit": "nM",
  "affinity_probability": 0.15172290802001953,
  "structure_confidence": 0.6810663938522339,
  "protein_confidence": 0.0,
  "pic50": 5.430177585601807
}