{
  "affinity_pred_value": 0.3715168237686157,
  "affinity_pred_unit": "nM",
  "affinity_probability": 0.14548367261886597,
  "structure_confidence": 0.6619554758071899,
  "protein_confidence": 0.0,
  "pic50": 7.677251052379609
}