{
  "affinity_pred_value": 1.9549448490142822,
  "affinity_pred_unit": "nM",
  "affinity_probability": 0.16511496901512146,
  "structure_confidence": 0.6757730841636658,
  "protein_confidence": 0.0,
  "pic50": 5.517455225944519
}