{
  "affinity_pred_value": 1.9190104007720947,
  "affinity_pred_unit": "nM",
  "affinity_probability": 0.16437923908233643,
  "structure_confidence": 0.6886580586433411,
  "protein_confidence": 0.0,
  "pic50": 5.566469813346863
}