{
  "affinity_pred_value": 1.496992826461792,
  "affinity_pred_unit": "nM",
  "affinity_probability": 0.11159542202949524,
  "structure_confidence": 0.6984886527061462,
  "protein_confidence": 0.0,
  "pic50": 6.142101784706116
}