{
  "affinity_pred_value": 1.430051565170288,
  "affinity_pred_unit": "nM",
  "affinity_probability": 0.2244616448879242,
  "structure_confidence": 0.7206302285194397,
  "protein_confidence": 0.0,
  "pic50": 6.233409665107727
}