{
  "affinity_pred_value": 1.7112154960632324,
  "affinity_pred_unit": "nM",
  "affinity_probability": 0.18245035409927368,
  "structure_confidence": 0.6953458189964294,
  "protein_confidence": 0.0,
  "pic50": 5.849902063369751
}