{
  "affinity_pred_value": 1.530961275100708,
  "affinity_pred_unit": "nM",
  "affinity_probability": 0.16435974836349487,
  "structure_confidence": 0.6777993440628052,
  "protein_confidence": 0.0,
  "pic50": 6.095768820762634
}