{
  "affinity_pred_value": 2.5403153896331787,
  "affinity_pred_unit": "nM",
  "affinity_probability": 0.21769502758979797,
  "structure_confidence": 0.7009336352348328,
  "protein_confidence": 0.0,
  "pic50": 4.719009808540345
}