{
  "affinity_pred_value": 2.167980670928955,
  "affinity_pred_unit": "nM",
  "affinity_probability": 0.34741735458374023,
  "structure_confidence": 0.6778546571731567,
  "protein_confidence": 0.0,
  "pic50": 5.226874364852906
}