{
  "affinity_pred_value": 1.070946216583252,
  "affinity_pred_unit": "nM",
  "affinity_probability": 0.2666855752468109,
  "structure_confidence": 0.6919969916343689,
  "protein_confidence": 0.0,
  "pic50": 6.7232293605804445
}