{
  "affinity_pred_value": -0.028898879885673523,
  "affinity_pred_unit": "nM",
  "affinity_probability": 0.23708954453468323,
  "structure_confidence": 0.6956608891487122,
  "protein_confidence": 0.0,
  "pic50": 8.22341807216406
}