{
  "affinity_pred_value": 0.8481592535972595,
  "affinity_pred_unit": "nM",
  "affinity_probability": 0.4014154076576233,
  "structure_confidence": 0.6908842921257019,
  "protein_confidence": 0.0,
  "pic50": 7.027110778093339
}