{
  "affinity_pred_value": 1.0995960235595703,
  "affinity_pred_unit": "nM",
  "affinity_probability": 0.17722539603710175,
  "structure_confidence": 0.6800426244735718,
  "protein_confidence": 0.0,
  "pic50": 6.684151023864747
}