{
  "affinity_pred_value": 1.5857460498809814,
  "affinity_pred_unit": "nM",
  "affinity_probability": 0.17674222588539124,
  "structure_confidence": 0.7119330763816833,
  "protein_confidence": 0.0,
  "pic50": 6.021042387962342
}