{
  "affinity_pred_value": 1.2149531841278076,
  "affinity_pred_unit": "nM",
  "affinity_probability": 0.13591383397579193,
  "structure_confidence": 0.7105908989906311,
  "protein_confidence": 0.0,
  "pic50": 6.5268038568496705
}