{
  "affinity_pred_value": 0.896174967288971,
  "affinity_pred_unit": "nM",
  "affinity_probability": 0.18163728713989258,
  "structure_confidence": 0.6906294226646423,
  "protein_confidence": 0.0,
  "pic50": 6.961617344617844
}