{
  "affinity_pred_value": 1.3353781700134277,
  "affinity_pred_unit": "nM",
  "affinity_probability": 0.2640288174152374,
  "structure_confidence": 0.695324718952179,
  "protein_confidence": 0.0,
  "pic50": 6.362544176101685
}