{
  "affinity_pred_value": 0.8749921917915344,
  "affinity_pred_unit": "nM",
  "affinity_probability": 0.42232710123062134,
  "structure_confidence": 0.6639296412467957,
  "protein_confidence": 0.0,
  "pic50": 6.990510650396348
}