{
  "affinity_pred_value": 0.557702898979187,
  "affinity_pred_unit": "nM",
  "affinity_probability": 0.41489940881729126,
  "structure_confidence": 0.6881333589553833,
  "protein_confidence": 0.0,
  "pic50": 7.423293245792389
}