{
  "affinity_pred_value": 1.6268458366394043,
  "affinity_pred_unit": "nM",
  "affinity_probability": 0.30762428045272827,
  "structure_confidence": 0.7103371024131775,
  "protein_confidence": 0.0,
  "pic50": 5.964982278823853
}