{
  "affinity_pred_value": 1.0171198844909668,
  "affinity_pred_unit": "nM",
  "affinity_probability": 0.18010446429252625,
  "structure_confidence": 0.7331464290618896,
  "protein_confidence": 0.0,
  "pic50": 6.796648477554322
}