{
  "affinity_pred_value": 1.0329594612121582,
  "affinity_pred_unit": "nM",
  "affinity_probability": 0.19976100325584412,
  "structure_confidence": 0.6647416353225708,
  "protein_confidence": 0.0,
  "pic50": 6.775043294906617
}