{
  "affinity_pred_value": 1.1706973314285278,
  "affinity_pred_unit": "nM",
  "affinity_probability": 0.23619994521141052,
  "structure_confidence": 0.6182653307914734,
  "protein_confidence": 0.0,
  "pic50": 6.587168839931489
}