{
  "affinity_pred_value": 0.9821627140045166,
  "affinity_pred_unit": "nM",
  "affinity_probability": 0.3651544749736786,
  "structure_confidence": 0.6602376103401184,
  "protein_confidence": 0.0,
  "pic50": 6.84433005809784
}