{
  "affinity_pred_value": 0.5858743190765381,
  "affinity_pred_unit": "nM",
  "affinity_probability": 0.13555632531642914,
  "structure_confidence": 0.688445508480072,
  "protein_confidence": 0.0,
  "pic50": 7.384867428779603
}