{
  "affinity_pred_value": 0.17605620622634888,
  "affinity_pred_unit": "nM",
  "affinity_probability": 0.1063496321439743,
  "structure_confidence": 0.6770105361938477,
  "protein_confidence": 0.0,
  "pic50": 7.943859334707261
}