{
  "affinity_pred_value": 1.3327937126159668,
  "affinity_pred_unit": "nM",
  "affinity_probability": 0.11503207683563232,
  "structure_confidence": 0.6623504757881165,
  "protein_confidence": 0.0,
  "pic50": 6.366069375991822
}