{
  "affinity_pred_value": 1.4767460823059082,
  "affinity_pred_unit": "nM",
  "affinity_probability": 0.23589792847633362,
  "structure_confidence": 0.7015142440795898,
  "protein_confidence": 0.0,
  "pic50": 6.169718343734742
}