{
  "affinity_pred_value": 1.436218500137329,
  "affinity_pred_unit": "nM",
  "affinity_probability": 0.09650664031505585,
  "structure_confidence": 0.6712346076965332,
  "protein_confidence": 0.0,
  "pic50": 6.224997965812683
}