{
  "affinity_pred_value": 0.5976887941360474,
  "affinity_pred_unit": "nM",
  "affinity_probability": 0.27577972412109375,
  "structure_confidence": 0.6973839402198792,
  "protein_confidence": 0.0,
  "pic50": 7.368752484798432
}