{
  "affinity_pred_value": -0.5411030054092407,
  "affinity_pred_unit": "nM",
  "affinity_probability": 0.2127498984336853,
  "structure_confidence": 0.6942184567451477,
  "protein_confidence": 0.0,
  "pic50": 8.922064499378205
}