{
  "affinity_pred_value": 1.5338977575302124,
  "affinity_pred_unit": "nM",
  "affinity_probability": 0.38852864503860474,
  "structure_confidence": 0.710898756980896,
  "protein_confidence": 0.0,
  "pic50": 6.09176345872879
}