{
  "affinity_pred_value": 1.5224764347076416,
  "affinity_pred_unit": "nM",
  "affinity_probability": 0.1273970752954483,
  "structure_confidence": 0.7259864211082458,
  "protein_confidence": 0.0,
  "pic50": 6.107342143058777
}