{
  "affinity_pred_value": 1.305611252784729,
  "affinity_pred_unit": "nM",
  "affinity_probability": 0.3750523626804352,
  "structure_confidence": 0.7127600312232971,
  "protein_confidence": 0.0,
  "pic50": 6.40314625120163
}