{
  "affinity_pred_value": 1.6234779357910156,
  "affinity_pred_unit": "nM",
  "affinity_probability": 0.1913941502571106,
  "structure_confidence": 0.7088993787765503,
  "protein_confidence": 0.0,
  "pic50": 5.969576095581055
}