{
  "affinity_pred_value": 0.6694970726966858,
  "affinity_pred_unit": "nM",
  "affinity_probability": 0.25996384024620056,
  "structure_confidence": 0.6984362006187439,
  "protein_confidence": 0.0,
  "pic50": 7.270805992841721
}