{
  "affinity_pred_value": 1.9307280778884888,
  "affinity_pred_unit": "nM",
  "affinity_probability": 0.20017783343791962,
  "structure_confidence": 0.6821620464324951,
  "protein_confidence": 0.0,
  "pic50": 5.5504869017601015
}