{
  "affinity_pred_value": 0.6217575073242188,
  "affinity_pred_unit": "nM",
  "affinity_probability": 0.2363869845867157,
  "structure_confidence": 0.7026599049568176,
  "protein_confidence": 0.0,
  "pic50": 7.335922760009766
}