{
  "affinity_pred_value": 0.8565328121185303,
  "affinity_pred_unit": "nM",
  "affinity_probability": 0.26178839802742004,
  "structure_confidence": 0.6924729943275452,
  "protein_confidence": 0.0,
  "pic50": 7.015689244270325
}