{
  "affinity_pred_value": 1.6673648357391357,
  "affinity_pred_unit": "nM",
  "affinity_probability": 0.09400572627782822,
  "structure_confidence": 0.6866759657859802,
  "protein_confidence": 0.0,
  "pic50": 5.909714364051819
}