{
  "affinity_pred_value": 1.0887675285339355,
  "affinity_pred_unit": "nM",
  "affinity_probability": 0.4164808392524719,
  "structure_confidence": 0.6391529440879822,
  "protein_confidence": 0.0,
  "pic50": 6.698921091079712
}