{
  "affinity_pred_value": 1.475696086883545,
  "affinity_pred_unit": "nM",
  "affinity_probability": 0.14925241470336914,
  "structure_confidence": 0.6832770705223083,
  "protein_confidence": 0.0,
  "pic50": 6.1711505374908455
}