{
  "affinity_pred_value": 1.2226758003234863,
  "affinity_pred_unit": "nM",
  "affinity_probability": 0.06459149718284607,
  "structure_confidence": 0.7001467347145081,
  "protein_confidence": 0.0,
  "pic50": 6.516270208358765
}