{
  "affinity_pred_value": 1.2704451084136963,
  "affinity_pred_unit": "nM",
  "affinity_probability": 0.32122892141342163,
  "structure_confidence": 0.6844443082809448,
  "protein_confidence": 0.0,
  "pic50": 6.451112872123718
}