{
  "affinity_pred_value": 0.951085090637207,
  "affinity_pred_unit": "nM",
  "affinity_probability": 0.40468358993530273,
  "structure_confidence": 0.6938830018043518,
  "protein_confidence": 0.0,
  "pic50": 6.8867199363708504
}