{
  "affinity_pred_value": 0.37412118911743164,
  "affinity_pred_unit": "nM",
  "affinity_probability": 0.2410150021314621,
  "structure_confidence": 0.6958668828010559,
  "protein_confidence": 0.0,
  "pic50": 7.6736986980438235
}