{
  "affinity_pred_value": 1.7596702575683594,
  "affinity_pred_unit": "nM",
  "affinity_probability": 0.16627377271652222,
  "structure_confidence": 0.6757282018661499,
  "protein_confidence": 0.0,
  "pic50": 5.7838097686767584
}