{
  "affinity_pred_value": 0.9970048069953918,
  "affinity_pred_unit": "nM",
  "affinity_probability": 0.12113630771636963,
  "structure_confidence": 0.6862635016441345,
  "protein_confidence": 0.0,
  "pic50": 6.824085443258286
}