{
  "affinity_pred_value": 1.6209741830825806,
  "affinity_pred_unit": "nM",
  "affinity_probability": 0.0919380784034729,
  "structure_confidence": 0.6940654516220093,
  "protein_confidence": 0.0,
  "pic50": 5.9729912142753605
}