{
  "affinity_pred_value": 1.3119909763336182,
  "affinity_pred_unit": "nM",
  "affinity_probability": 0.36425119638442993,
  "structure_confidence": 0.695099949836731,
  "protein_confidence": 0.0,
  "pic50": 6.394444308280946
}