{
  "affinity_pred_value": 0.6571378111839294,
  "affinity_pred_unit": "nM",
  "affinity_probability": 0.401642769575119,
  "structure_confidence": 0.6906899809837341,
  "protein_confidence": 0.0,
  "pic50": 7.287664025545121
}