{
  "affinity_pred_value": 0.959617018699646,
  "affinity_pred_unit": "nM",
  "affinity_probability": 0.2468748539686203,
  "structure_confidence": 0.712196946144104,
  "protein_confidence": 0.0,
  "pic50": 6.875082386493683
}